year_month,polarization_score,num_outlets
2025-11,0.5158799744545521,88
2025-12,0.5630081902542117,82
2026-01,0.5571278091347585,75
2026-02,0.6898144770352947,32
