year_month,polarization_score,num_outlets
2025-11,0.2981668801982618,47
2025-12,0.3463180856849219,42
2026-01,0.36566715091283225,35
2026-02,0.5711641098485102,6
